
<resources>
    <color name="seed">#CFF4FF</color>
    <color name="md_theme_light_primary">#00687A</color>
    <color name="md_theme_light_onPrimary">#FFFFFF</color>
    <color name="md_theme_light_primaryContainer">#ABEDFF</color>
    <color name="md_theme_light_onPrimaryContainer">#001F26</color>
    <color name="md_theme_light_secondary">#5654A8</color>
    <color name="md_theme_light_onSecondary">#FFFFFF</color>
    <color name="md_theme_light_secondaryContainer">#E2DFFF</color>
    <color name="md_theme_light_onSecondaryContainer">#100563</color>
    <color name="md_theme_light_tertiary">#934173</color>
    <color name="md_theme_light_onTertiary">#FFFFFF</color>
    <color name="md_theme_light_tertiaryContainer">#FFD8EA</color>
    <color name="md_theme_light_onTertiaryContainer">#3C002A</color>
    <color name="md_theme_light_error">#BA1A1A</color>
    <color name="md_theme_light_errorContainer">#FFDAD6</color>
    <color name="md_theme_light_onError">#FFFFFF</color>
    <color name="md_theme_light_onErrorContainer">#410002</color>
    <color name="md_theme_light_background">#F3FEFF</color>
    <color name="md_theme_light_onBackground">#002022</color>
    <color name="md_theme_light_surface">#F3FEFF</color>
    <color name="md_theme_light_onSurface">#002022</color>
    <color name="md_theme_light_surfaceVariant">#DBE4E7</color>
    <color name="md_theme_light_onSurfaceVariant">#3F484B</color>
    <color name="md_theme_light_outline">#70797B</color>
    <color name="md_theme_light_inverseOnSurface">#C3FBFF</color>
    <color name="md_theme_light_inverseSurface">#00373A</color>
    <color name="md_theme_light_inversePrimary">#55D6F4</color>
    <color name="md_theme_light_shadow">#000000</color>
    <color name="md_theme_light_surfaceTint">#00687A</color>
    <color name="md_theme_light_outlineVariant">#BFC8CB</color>
    <color name="md_theme_light_scrim">#000000</color>
    <color name="md_theme_dark_primary">#55D6F4</color>
    <color name="md_theme_dark_onPrimary">#003640</color>
    <color name="md_theme_dark_primaryContainer">#004E5C</color>
    <color name="md_theme_dark_onPrimaryContainer">#ABEDFF</color>
    <color name="md_theme_dark_secondary">#C3C0FF</color>
    <color name="md_theme_dark_onSecondary">#272377</color>
    <color name="md_theme_dark_secondaryContainer">#3E3C8F</color>
    <color name="md_theme_dark_onSecondaryContainer">#E2DFFF</color>
    <color name="md_theme_dark_tertiary">#FFAED9</color>
    <color name="md_theme_dark_onTertiary">#5A1142</color>
    <color name="md_theme_dark_tertiaryContainer">#762A5A</color>
    <color name="md_theme_dark_onTertiaryContainer">#FFD8EA</color>
    <color name="md_theme_dark_error">#FFB4AB</color>
    <color name="md_theme_dark_errorContainer">#93000A</color>
    <color name="md_theme_dark_onError">#690005</color>
    <color name="md_theme_dark_onErrorContainer">#FFDAD6</color>
    <color name="md_theme_dark_background">#002022</color>
    <color name="md_theme_dark_onBackground">#70F5FF</color>
    <color name="md_theme_dark_surface">#002022</color>
    <color name="md_theme_dark_onSurface">#70F5FF</color>
    <color name="md_theme_dark_surfaceVariant">#3F484B</color>
    <color name="md_theme_dark_onSurfaceVariant">#BFC8CB</color>
    <color name="md_theme_dark_outline">#899295</color>
    <color name="md_theme_dark_inverseOnSurface">#002022</color>
    <color name="md_theme_dark_inverseSurface">#70F5FF</color>
    <color name="md_theme_dark_inversePrimary">#00687A</color>
    <color name="md_theme_dark_shadow">#000000</color>
    <color name="md_theme_dark_surfaceTint">#55D6F4</color>
    <color name="md_theme_dark_outlineVariant">#3F484B</color>
    <color name="md_theme_dark_scrim">#000000</color>
</resources>
